{
    "detections": [
        {
            "xmin": 0.0,
            "ymin": 109.80705261230469,
            "xmax": 1431.4072265625,
            "ymax": 1007.4208984375,
            "confidence": 0.5010589361190796,
            "class": 2,
            "name": "car"
        }
    ]
}